Strona główna	Home	หน้าแรก
Wróć do menu	Back to menu	กลับไปที่เมนู
Wróć do kategorii	Back to categories	กลับไปที่หมวดหมู่
Wróć do oferty	Back to treatments	กลับไปที่รายการบริการ
Wróć do początku	Back to start	กลับไปที่หน้าเริ่มต้น
Rezerwacja	Booking	จองคิว
Rezerwacje	Bookings	การจอง
Kup voucher	Buy a gift voucher	ซื้อบัตรกำนัล
Masaże	Massages	การนวด
Rytuały	Spa rituals	ชุดบริการสปา
Rytuały SPA	Spa rituals	ชุดบริการสปา
Zapytaj Mali	Ask Mali	ถามมะลิ
O nas	About us	เกี่ยวกับเรา
Masażystki	Our therapists	ทีมหมอนวด
Kontakt	Contact	ติดต่อเรา
Galeria	Gallery	แกลเลอรี
Blog	Journal	บทความ
Cennik	Prices	ราคา
Oferta	Treatments	บริการ
Informacje	Information	ข้อมูล
Regulaminy i zasady	Terms and conditions	ข้อกำหนดและเงื่อนไข
Regulaminy	Terms and conditions	ข้อกำหนดและเงื่อนไข
Prywatność	Privacy	ความเป็นส่วนตัว
Salon	Salon	สาขา
Wybierz salon	Choose a salon	เลือกสาขา
Salon dla oferty i linków	Salon for treatments and links	สาขาสำหรับบริการและลิงก์
Główna nawigacja	Main navigation	เมนูหลัก
Pozostałe podstrony	More pages	หน้าอื่น ๆ
Powrót i informacje	Back and information	กลับและดูข้อมูล
Wybierz masaż	Choose a massage	เลือกบริการนวด
Dla jednej osoby	For one person	สำหรับหนึ่งท่าน
Dla par	For couples	สำหรับสองท่าน
Dla pary	For two	สำหรับสองท่าน
Dla dwojga	For two	สำหรับสองท่าน
Masaże dla jednej osoby	Massages for one person	นวดสำหรับหนึ่งท่าน
Masaże dla par	Couples massages	นวดสำหรับสองท่าน
Chwila tylko dla Ciebie.	A moment just for you.	ช่วงเวลาสำหรับคุณโดยเฉพาะ
Wspólny relaks w jednym gabinecie.	Unwind together in one treatment room.	ผ่อนคลายด้วยกันในห้องเดียวกัน
Poznaj przebieg każdej ceremonii.	Discover what each spa ritual includes.	ดูขั้นตอนของแต่ละชุดบริการสปา
Zobacz ofertę	Explore treatments	ดูบริการ
Wybierz czas	Choose a duration	เลือกระยะเวลา
Wybierz zabieg i czas	Choose your treatment and duration	เลือกบริการและระยะเวลา
Wybierz zabieg na voucher	Choose a treatment for your voucher	เลือกบริการสำหรับบัตรกำนัล
Pełny opis	Full description	รายละเอียดทั้งหมด
Poznaj przebieg rytuału	Explore this spa ritual	ดูขั้นตอนของชุดบริการสปา
Wybierz czas i przejdź do rezerwacji	Choose a duration to continue to booking	เลือกระยะเวลาเพื่อดำเนินการจอง
Wybierz czas i cenę przy wybranej usłudze.	Choose a duration and price for your treatment.	เลือกระยะเวลาและราคาของบริการที่ต้องการ
Wybierz dzień i godzinę	Choose a date and time	เลือกวันที่และเวลา
Wybierz dzień	Choose a date	เลือกวันที่
Wybierz termin	Choose an appointment	เลือกวันและเวลานัด
Wybierz dzień i godzinę wizyty.	Choose the date and time of your appointment.	เลือกวันที่และเวลานัดหมาย
Dokończ rezerwację	Complete your booking	กรอกข้อมูลการจอง
Zmień masaż	Change massage	เปลี่ยนบริการนวด
Zmień zabieg	Change treatment	เปลี่ยนบริการ
Zmień wariant	Change option	เปลี่ยนตัวเลือก
Zmień termin	Change appointment	เปลี่ยนวันและเวลา
Godzina	Time	เวลา
Godziny przykładowe	Example times	เวลาตัวอย่าง
Wybierz poniżej	Choose below	เลือกด้านล่าง
Najpierw wybierz dzień	Choose a date first	เลือกวันที่ก่อน
Poprzedni miesiąc	Previous month	เดือนก่อนหน้า
Następny miesiąc	Next month	เดือนถัดไป
Pn	Mon	จ.
Wt	Tue	อ.
Śr	Wed	พ.
Cz	Thu	พฤ.
Pt	Fri	ศ.
So	Sat	ส.
Nd	Sun	อา.
Masażystka	Therapist	หมอนวด
Masażystka i Twoje dane	Therapist and your details	หมอนวดและข้อมูลของคุณ
Masażystka i dane klienta	Therapist and client details	หมอนวดและข้อมูลลูกค้า
Preferowana masażystka	Preferred therapist	หมอนวดที่ต้องการ
Dowolna dostępna	Any available therapist	หมอนวดที่ว่างท่านใดก็ได้
Dowolna masażystka	Any therapist	หมอนวดท่านใดก็ได้
Wybierz masażystkę	Choose a therapist	เลือกหมอนวด
Możesz wybrać masażystkę lub pozostawić wybór nam.	Choose a therapist or let us select one for you.	เลือกหมอนวดเองหรือให้เราเลือกให้คุณได้
Wybierz preferowaną masażystkę. Pozostały skład zostanie dobrany według dostępności.	Choose your preferred therapist. The rest of the team will be assigned according to availability.	เลือกหมอนวดที่ต้องการ ส่วนหมอนวดท่านอื่นจะจัดตามคิวว่าง
Imię	First name	ชื่อ
Nazwisko	Last name	นามสกุล
Imię i nazwisko	Full name	ชื่อและนามสกุล
Telefon	Phone	โทรศัพท์
Numer telefonu	Phone number	หมายเลขโทรศัพท์
Telefon (opcjonalnie)	Phone (optional)	โทรศัพท์ (ไม่จำเป็น)
E-mail	Email	อีเมล
Adres e-mail	Email address	ที่อยู่อีเมล
Temat	Subject	หัวข้อ
Wiadomość	Message	ข้อความ
Twoje dane	Your details	ข้อมูลของคุณ
Podaj poprawny numer telefonu.	Enter a valid phone number.	กรุณากรอกหมายเลขโทรศัพท์ที่ถูกต้อง
Podaj poprawny numer telefonu, z numerem kierunkowym dla numerów zagranicznych.	Enter a valid phone number, including the country code for international numbers.	กรอกหมายเลขโทรศัพท์ให้ถูกต้อง พร้อมรหัสประเทศหากเป็นหมายเลขต่างประเทศ
Uzupełnij imię i nazwisko.	Enter your first and last name.	กรุณากรอกชื่อและนามสกุล
Zacznij ponownie	Start again	เริ่มใหม่
Sprawdź rezerwację	Review booking	ตรวจสอบการจอง
Podsumowanie podglądu	Preview summary	สรุปตัวอย่าง
Nie utworzono rezerwacji	No booking was created	ยังไม่มีการสร้างรายการจอง
Nie utworzono rezerwacji. Dane formularza nie zostały wysłane ani zapisane.	No booking was created. Your form details were neither sent nor saved.	ยังไม่มีการสร้างรายการจอง ข้อมูลในแบบฟอร์มไม่ได้ถูกส่งหรือบันทึก
Podgląd — użyj fikcyjnych danych. Rezerwacja nie zostanie wysłana.	Preview — use fictional details. No booking will be sent.	หน้าตัวอย่าง — ใช้ข้อมูลสมมติ การจองจะไม่ถูกส่ง
Terminy przykładowe — dostępność salonu nie jest jeszcze podłączona.	Example appointments — live salon availability is not connected yet.	วันและเวลาตัวอย่าง — ยังไม่ได้เชื่อมต่อคิวว่างจริงของสาขา
Podgląd — rezerwacje nie są jeszcze wysyłane.	Preview — bookings are not sent yet.	หน้าตัวอย่าง — ยังไม่ส่งรายการจอง
Jak chcesz zarezerwować?	How would you like to book?	คุณต้องการจองแบบใด
Rezerwuję wizytę	Book an appointment	จองนัดหมาย
Mam bon — chcę go wykorzystać	I have a voucher to redeem	ฉันมีบัตรกำนัลและต้องการใช้
Zarezerwuj wizytę z bonem	Book using your voucher	จองโดยใช้บัตรกำนัล
Wpisz numer bonu	Enter your voucher number	กรอกหมายเลขบัตรกำนัล
Znajdziesz go na bonie papierowym lub elektronicznym.	You will find it on your printed or digital voucher.	หมายเลขอยู่บนบัตรกำนัลแบบกระดาษหรือแบบดิจิทัล
Numer bonu	Voucher number	หมายเลขบัตรกำนัล
Sprawdź bon	Check voucher	ตรวจสอบบัตรกำนัล
Sprawdzanie bonów nie jest jeszcze podłączone. Nie uznajemy tego bonu za ważny ani opłacony.	Voucher verification is not connected yet. This does not confirm that the voucher is valid or paid for.	ยังไม่ได้เชื่อมต่อระบบตรวจสอบบัตรกำนัล จึงยังไม่ยืนยันว่าบัตรนี้ใช้ได้หรือชำระเงินแล้ว
Podaruj chwilę relaksu	Give a moment of relaxation	มอบช่วงเวลาแห่งการผ่อนคลาย
Podaruj chwilę relaksu.	Give a moment of relaxation.	มอบช่วงเวลาแห่งการผ่อนคลาย
Bon podarunkowy	Gift voucher	บัตรกำนัล
Wybierz bon	Choose a voucher	เลือกบัตรกำนัล
Bony	Gift vouchers	บัตรกำนัล
Vouchery	Gift vouchers	บัตรกำนัล
Wybierz ten bon	Choose this voucher	เลือกบัตรกำนัลนี้
O masażu — pełny opis	About the massage — full description	เกี่ยวกับการนวด — รายละเอียดทั้งหมด
Podgląd — zakup i płatności nie są jeszcze podłączone.	Preview — purchases and payments are not connected yet.	หน้าตัวอย่าง — ยังไม่ได้เชื่อมต่อการซื้อและการชำระเงิน
Wybierz czas i cenę na bonie. Podgląd nie uruchamia zakupu ani płatności.	Choose the duration and price for your voucher. This preview does not create a purchase or payment.	เลือกระยะเวลาและราคาของบัตรกำนัล หน้าตัวอย่างนี้ไม่ทำรายการซื้อหรือชำระเงิน
Twój prezent, Twoje słowa.	Your gift, your words.	ของขวัญจากคุณ พร้อมข้อความของคุณ
MAŁY GEST. PIĘKNE WSPOMNIENIE.	A SMALL GESTURE. A BEAUTIFUL MEMORY.	ของขวัญเล็ก ๆ ความทรงจำที่งดงาม
Twój bon podarunkowy	Your gift voucher	บัตรกำนัลของคุณ
Podgląd bonu	Voucher preview	ตัวอย่างบัตรกำนัล
Dane kupującego	Buyer details	ข้อมูลผู้ซื้อ
Dodaj imię i dedykację	Add a name and personal message	เพิ่มชื่อและข้อความส่วนตัว
opcjonalnie	optional	ไม่จำเป็น
Dla kogo jest bon?	Who is the voucher for?	บัตรกำนัลนี้สำหรับใคร
Twoja dedykacja	Your personal message	ข้อความของคุณ
np. Anny	e.g. Anna	เช่น แอนนา
Kilka słów od Ciebie…	A few words from you…	ข้อความเล็ก ๆ จากคุณ…
Sprawdź podsumowanie	Review summary	ตรวจสอบสรุปรายการ
Podgląd graficzny — bez numeru bonu i kodu realizacji.	Visual preview — no voucher number or redemption code.	ตัวอย่างภาพ — ยังไม่มีหมายเลขบัตรหรือรหัสสำหรับใช้บริการ
Makieta — użyj fikcyjnych danych. Zamówienie i płatność nie zostaną uruchomione.	Mockup — use fictional details. No order or payment will be created.	หน้าจำลอง — ใช้ข้อมูลสมมติ จะไม่สร้างคำสั่งซื้อหรือรายการชำระเงิน
PODGLĄD ZAMÓWIENIA	ORDER PREVIEW	ตัวอย่างคำสั่งซื้อ
Prezent wybrany.	Your gift is selected.	เลือกของขวัญแล้ว
Wróć do bonów	Back to vouchers	กลับไปที่บัตรกำนัล
Test formularza zakończony. Nie utworzono zamówienia, nie pobrano płatności i nie wystawiono bonu. Dane nie zostały wysłane ani zapisane.	Form test complete. No order was created, no payment was taken and no voucher was issued. Your details were neither sent nor saved.	ทดสอบแบบฟอร์มเสร็จแล้ว ยังไม่ได้สร้างคำสั่งซื้อ รับชำระเงิน หรือออกบัตรกำนัล ข้อมูลไม่ได้ถูกส่งหรือบันทึก
TWÓJ PRZEWODNIK PO THAI MALIWAN	YOUR GUIDE TO THAI MALIWAN	ผู้ช่วยแนะนำบริการ THAI MALIWAN
W czym mogę Ci pomóc?	How can I help you?	ให้มะลิช่วยอะไรดีคะ
Wybierz, czego szukasz. Pokażę Ci, od czego zacząć.	Tell me what you are looking for. I will show you where to start.	เลือกสิ่งที่คุณต้องการ แล้วมะลิจะแนะนำว่าควรเริ่มจากตรงไหนค่ะ
Chwila dla mnie	A moment for me	ช่วงเวลาสำหรับฉัน
Chcę wybrać masaż	I would like to choose a massage	อยากเลือกบริการนวด
Chwila we dwoje	A moment together	ช่วงเวลาสำหรับเราสองคน
Szukamy wspólnego relaksu	We would like to unwind together	อยากผ่อนคลายด้วยกัน
Szukam prezentu	I am looking for a gift	กำลังมองหาของขวัญ
Chcę podarować bon	I would like to give a voucher	อยากมอบบัตรกำนัล
Pytanie o salon	A question about the salon	สอบถามเกี่ยวกับสาขา
Adres, godziny i kontakt	Address, opening hours and contact	ที่อยู่ เวลาเปิด และข้อมูลติดต่อ
Wspólna chwila dla Was.	A moment for the two of you.	ช่วงเวลาสำหรับคุณทั้งสอง
Zrób miejsce na odpoczynek.	Make time to unwind.	ให้เวลากับการพักผ่อนสักหน่อยค่ะ
Wolisz wybrać masaż czy poznać nasze rytuały? W ofercie znajdziesz opis, czas i cenę.	Would you like to choose a massage or explore our spa rituals? Each treatment has a description, duration and price.	อยากเลือกบริการนวดหรือดูชุดบริการสปาคะ แต่ละบริการมีรายละเอียด ระยะเวลา และราคาให้เลือกค่ะ
Porównaj masaże i wybierz czas	Compare massages and choose a duration	เปรียบเทียบบริการนวดและเลือกระยะเวลา
Poznaj rytuały	Explore spa rituals	ดูชุดบริการสปา
Odkryj ceremonie Thai Maliwan	Discover Thai Maliwan spa rituals	ค้นพบชุดบริการสปาของ Thai Maliwan
Komu podarujesz chwilę relaksu?	Who will you give a moment of relaxation to?	อยากมอบช่วงเวลาผ่อนคลายให้ใครคะ
Wybierz rodzaj bonu. Dalej zobaczysz zabiegi, ceny i podgląd prezentu.	Choose a voucher type to see treatments, prices and a preview of your gift.	เลือกประเภทบัตรกำนัลเพื่อดูบริการ ราคา และตัวอย่างของขวัญค่ะ
Bon dla jednej osoby	Voucher for one person	บัตรกำนัลสำหรับหนึ่งท่าน
Chwila tylko dla obdarowanej osoby	A moment just for the recipient	ช่วงเวลาสำหรับผู้รับโดยเฉพาะ
Bon dla pary	Voucher for two	บัตรกำนัลสำหรับสองท่าน
Wspólny czas w Thai Maliwan	Time together at Thai Maliwan	ใช้เวลาร่วมกันที่ Thai Maliwan
Bon na rytuał	Spa ritual voucher	บัตรกำนัลชุดบริการสปา
Podaruj ceremonię spa	Give a spa ritual	มอบชุดบริการสปาเป็นของขวัญ
Zapraszamy na Zwierzyniecką.	Visit us at Zwierzyniecka.	ยินดีต้อนรับที่สาขา Zwierzyniecka ค่ะ
Zapraszamy na Szewską.	Visit us at Szewska.	ยินดีต้อนรับที่สาขา Szewska ค่ะ
Tu znajdziesz nas i skontaktujesz się z recepcją.	Find us here and get in touch with reception.	ดูที่อยู่และติดต่อแผนกต้อนรับได้ที่นี่ค่ะ
Godziny salonu	Salon opening hours	เวลาเปิดบริการ
Recepcja	Reception	แผนกต้อนรับ
Jestem Mali.	I am Mali.	ฉันชื่อมะลิค่ะ
Pomogę Ci wybrać.	Let me help you choose.	มะลิช่วยคุณเลือกได้ค่ะ
ZACZNIJMY OD CIEBIE	LET US START WITH YOU	เริ่มจากสิ่งที่คุณต้องการ
TWOJA CHWILA W MALIWAN	YOUR MOMENT AT MALIWAN	ช่วงเวลาของคุณที่ MALIWAN
Pomoc Mali	Mali's guidance	คำแนะนำจากมะลิ
Podgląd przewodnika z gotowymi wskazówkami. Czat AI nie jest jeszcze podłączony.	Guided preview with prepared suggestions. AI chat is not connected yet.	ตัวอย่างผู้ช่วยพร้อมคำแนะนำที่เตรียมไว้ ยังไม่ได้เชื่อมต่อแชต AI
Poznaj nasze masażystki	Meet our therapists	รู้จักทีมหมอนวดของเรา
THAI MALIWAN · NASZ ZESPÓŁ	THAI MALIWAN · OUR TEAM	THAI MALIWAN · ทีมงานของเรา
Twoja chwila relaksu zaczyna się od spotkania.	Your moment of relaxation begins with a warm welcome.	ช่วงเวลาผ่อนคลายของคุณเริ่มต้นด้วยการต้อนรับ
Wybierz salon i poznaj nasz zespół.	Choose a salon and meet our team.	เลือกสาขาและรู้จักทีมงานของเรา
Wejdź w nasze światy	Explore our worlds	ค้นพบโลกของเรา
Szkoła Maliwan	Maliwan School	โรงเรียน Maliwan
Odkryj nowe światy	Discover more worlds	ค้นพบโลกอื่น ๆ
Świat Maliwan	Maliwan world	โลกของ Maliwan
Zamknij	Close	ปิด
Masz pytanie?	Have a question?	มีคำถามไหมคะ
JESTEŚMY DLA CIEBIE	WE ARE HERE FOR YOU	เราพร้อมช่วยคุณ
Wybierz salon, do którego chcesz napisać. Chętnie pomożemy Ci wybrać masaż lub zaplanować wizytę.	Choose the salon you would like to contact. We will gladly help you choose a massage or plan your visit.	เลือกสาขาที่ต้องการติดต่อ เรายินดีช่วยเลือกบริการนวดหรือวางแผนการเข้ารับบริการ
Formularz testowy — wiadomość nie zostanie wysłana.	Test form — your message will not be sent.	แบบฟอร์มทดสอบ — ข้อความจะไม่ถูกส่ง
Chcesz wysłać prawdziwą wiadomość? Skorzystaj z adresu e-mail wybranego salonu powyżej.	To send a real message, use the email address of your chosen salon above.	หากต้องการส่งข้อความจริง กรุณาใช้อีเมลของสาขาที่เลือกด้านบน
Sprawdź wiadomość testowo	Test your message	ทดสอบข้อความ
Formularz testowy sprawdzony. Wiadomość nie została wysłana ani zapisana.	Test form checked. Your message was neither sent nor saved.	ตรวจสอบแบบฟอร์มทดสอบแล้ว ข้อความไม่ได้ถูกส่งหรือบันทึก
Serdecznie zapraszamy do kontaktu w sprawach rezerwacji terminu. Chętnie pomożemy również przy doborze odpowiedniego masażu lub zabiegu.	Contact us to arrange your appointment. We will also gladly help you choose a massage or treatment.	ติดต่อเราเพื่อนัดหมายได้เลย เรายินดีช่วยคุณเลือกบริการนวดหรือสปาที่เหมาะสม
Dojazd	Directions	เส้นทาง
Pokaż dojazd	Get directions	ดูเส้นทาง
Pokaż drogę	Get directions	ดูเส้นทาง
Rezerwuj wizytę	Book a visit	จองนัดหมาย
Kontakt i godziny obu salonów	Contact and opening hours for both salons	ข้อมูลติดต่อและเวลาเปิดของทั้งสองสาขา
Nasze salony w Krakowie	Our salons in Kraków	สาขาของเราในคราคูฟ
Nasze salony	Our salons	สาขาของเรา
ZNAJDŹ SWOJE MIEJSCE	FIND YOUR PLACE	เลือกสถานที่สำหรับคุณ
Poznaj nasz zespół	Meet our team	รู้จักทีมงานของเรา
Nasz zespół	Our team	ทีมงานของเรา
Nasze zabiegi i masaże	Our treatments and massages	บริการสปาและการนวดของเรา
Twój czas	Your time	ช่วงเวลาของคุณ
w Thai Maliwan	at Thai Maliwan	ที่ Thai Maliwan
CHWILA TYLKO DLA CIEBIE	A MOMENT JUST FOR YOU	ช่วงเวลาสำหรับคุณโดยเฉพาะ
SPOKÓJ · DOTYK · TRADYCJA	CALM · TOUCH · TRADITION	ความสงบ · สัมผัส · วิถีไทย
O NAS · KRAKÓW	ABOUT US · KRAKÓW	เกี่ยวกับเรา · คราคูฟ
THAI MALIWAN · TAJSKA TRADYCJA	THAI MALIWAN · THAI TRADITION	THAI MALIWAN · วิถีไทย
Odkryj rytuały Thai Maliwan	Explore Thai Maliwan spa rituals	ค้นพบชุดบริการสปาของ Thai Maliwan
Rezerwuj chwilę dla siebie	Book a moment for yourself	จองช่วงเวลาสำหรับตัวคุณ
Podaruj chwilę relaksu — wybierz bon	Give a moment of relaxation — choose a voucher	มอบช่วงเวลาผ่อนคลาย — เลือกบัตรกำนัล
Tradycyjny masaż tajski, tajskie zabiegi dla jednej osoby i dla par oraz rytuały — wybierz swoją chwilę odpoczynku.	Traditional Thai massage, treatments for one or two, and spa rituals — choose your moment to unwind.	นวดแผนไทย บริการสำหรับหนึ่งหรือสองท่าน และชุดบริการสปา — เลือกช่วงเวลาพักผ่อนของคุณ
O nas · Thai Maliwan	About us · Thai Maliwan	เกี่ยวกับเรา · Thai Maliwan
Twój czas w Thai Maliwan	Your time at Thai Maliwan	ช่วงเวลาของคุณที่ Thai Maliwan
Tajski masaż, uważny dotyk i atmosfera naszych krakowskich salonów.	Thai massage, attentive touch and the atmosphere of our Kraków salons.	นวดไทย สัมผัสที่ใส่ใจ และบรรยากาศในสาขาของเราที่คราคูฟ
Spotkanie zaczyna się od powitania	It begins with a welcome	เริ่มต้นด้วยการต้อนรับ
Chwila tylko dla Ciebie	A moment just for you	ช่วงเวลาสำหรับคุณโดยเฉพาะ
W Thai Maliwan zapraszamy Cię do świata masażu tajskiego. Wybierz zabieg dla siebie, wspólny relaks dla dwojga albo dłuższy rytuał.	Welcome to the world of Thai massage at Thai Maliwan. Choose a treatment for yourself, time to unwind together, or a longer spa ritual.	ยินดีต้อนรับสู่โลกแห่งการนวดไทยที่ Thai Maliwan เลือกบริการสำหรับตัวคุณ ผ่อนคลายด้วยกันสองท่าน หรือชุดบริการสปาที่ยาวขึ้น
Dwa salony, wspólny klimat	Two salons, one atmosphere	สองสาขา บรรยากาศเดียวกัน
Miękkie światło, zasłony i tajskie detale tworzą kameralną przestrzeń. Zobacz wnętrza i wybierz miejsce swojej wizyty.	Soft lighting, curtains and Thai details create an intimate space. Explore the interiors and choose where to visit.	แสงนุ่ม ๆ ผ้าม่าน และรายละเอียดแบบไทยสร้างพื้นที่ที่เป็นส่วนตัว ชมบรรยากาศและเลือกสาขาที่ต้องการ
Zobacz salony	Explore our salons	ดูสาขาของเรา
Poznaj masaże	Explore massages	ดูบริการนวด
Galeria · dwa salony	Gallery · two salons	แกลเลอรี · สองสาขา
Zajrzyj do naszego świata	Step into our world	เข้ามาสัมผัสโลกของเรา
Ciepłe światło, tajskie detale i przestrzeń na chwilę dla siebie.	Warm lighting, Thai details and space for a moment to yourself.	แสงอบอุ่น รายละเอียดแบบไทย และพื้นที่สำหรับช่วงเวลาของคุณ
Szewska · przestrzeń relaksu	Szewska · a space to unwind	Szewska · พื้นที่แห่งการผ่อนคลาย
Zwierzyniecka · witamy w salonie	Zwierzyniecka · welcome to our salon	Zwierzyniecka · ยินดีต้อนรับสู่สาขาของเรา
Szewska · gabinet masażu	Szewska · treatment room	Szewska · ห้องนวด
Zwierzyniecka · spokojna chwila	Zwierzyniecka · a quiet moment	Zwierzyniecka · ช่วงเวลาอันสงบ
Szewska · blask świec	Szewska · candlelight	Szewska · แสงเทียน
Zwierzyniecka · tajskie detale	Zwierzyniecka · Thai details	Zwierzyniecka · รายละเอียดแบบไทย
Blog · inspiracje	Journal · inspiration	บทความ · แรงบันดาลใจ
Chwila dla siebie	A moment for yourself	ช่วงเวลาสำหรับตัวคุณ
O wyborze masażu, wspólnym relaksie i atmosferze Thai Maliwan.	On choosing a massage, unwinding together and the atmosphere of Thai Maliwan.	เรื่องการเลือกบริการนวด การผ่อนคลายด้วยกัน และบรรยากาศของ Thai Maliwan
Jak wybrać swoją chwilę relaksu?	How to choose your moment of relaxation	เลือกช่วงเวลาผ่อนคลายอย่างไรดี
Zacznij od tego, na co masz dziś ochotę.	Start with what you feel like today.	เริ่มจากสิ่งที่คุณต้องการในวันนี้
Wolisz spokojny masaż z olejkiem, tradycyjny zabieg czy dłuższą ceremonię? Przeczytaj opis, porównaj czas i wybierz propozycję, która odpowiada Twoim oczekiwaniom. Jeśli się wahasz, porozmawiaj z recepcją przed rezerwacją.	Would you prefer a gentle oil massage, a traditional treatment or a longer spa ritual? Read the descriptions, compare durations and choose what suits you. If you are unsure, speak to reception before booking.	ชอบนวดน้ำมันแบบผ่อนคลาย นวดแผนไทย หรือชุดบริการสปาที่ยาวขึ้นคะ อ่านรายละเอียด เปรียบเทียบระยะเวลา และเลือกให้ตรงกับความต้องการ หากยังไม่แน่ใจ สอบถามแผนกต้อนรับก่อนจองได้ค่ะ
Masaż we dwoje	Massage for two	นวดสำหรับสองท่าน
Wspólny czas, jeden gabinet.	Time together, one treatment room.	ใช้เวลาร่วมกันในห้องเดียวกัน
Wspólna wizyta może być sposobem na spędzenie czasu z bliską osobą. Zajrzyj do oferty dla par i sprawdź dostępne warianty zabiegów oraz ich długość. Wybierzcie taki czas, aby po wizycie nie trzeba było się spieszyć.	A shared visit is a way to spend time with someone close to you. Explore our couples treatments and their durations. Choose a time that lets you leave without rushing.	การมาใช้บริการร่วมกันเป็นอีกวิธีหนึ่งในการใช้เวลากับคนใกล้ชิด ดูบริการสำหรับสองท่านและระยะเวลาที่มีให้เลือก เลือกเวลาที่หลังจากนั้นไม่ต้องรีบร้อน
Jak wybrać rytuał SPA?	How to choose a spa ritual	เลือกชุดบริการสปาอย่างไรดี
Więcej czasu na dotyk, ciepło i zapach.	More time for touch, warmth and scent.	มีเวลามากขึ้นสำหรับสัมผัส ความอบอุ่น และกลิ่นหอม
Rytuał łączy kilka etapów w jedną wizytę. W naszej ofercie znajdziesz ceremonie z olejkami, ciepłymi kamieniami i kompresami ziołowymi. Przed wyborem sprawdź pełny opis oraz czas wybranego wariantu. Jeśli przychodzicie we dwoje, zajrzyjcie do rytuału romantycznego.	A spa ritual brings several stages together in one visit. Our rituals include oils, warm stones and herbal compresses. Check the full description and duration before choosing. If you are visiting together, explore our romantic ritual for two.	ชุดบริการสปารวมหลายขั้นตอนไว้ในการเข้ารับบริการครั้งเดียว มีทั้งน้ำมัน หินอุ่น และลูกประคบสมุนไพร ตรวจสอบรายละเอียดและระยะเวลาก่อนเลือก หากมาด้วยกันสองท่าน ลองดูชุดสปาโรแมนติกสำหรับสองท่าน
Czytaj dalej	Read more	อ่านต่อ
Poznaj ofertę	Explore treatments	ดูบริการ
Cennik · Thai Maliwan	Prices · Thai Maliwan	ราคา · Thai Maliwan
Wybierz swój czas	Choose your duration	เลือกระยะเวลาของคุณ
Porównaj zabiegi i długość wizyty.	Compare treatments and visit durations.	เปรียบเทียบบริการและระยะเวลา
Wczytywanie oferty…	Loading treatments…	กำลังโหลดบริการ…
Ceny z katalogu makiety, do potwierdzenia przed publikacją.	Prices from the mockup catalogue, to be confirmed before publication.	ราคาจากรายการในหน้าจำลอง ต้องยืนยันก่อนเผยแพร่
Nie udało się wczytać cen. Odśwież stronę.	Prices could not be loaded. Refresh the page.	ไม่สามารถโหลดราคาได้ กรุณารีเฟรชหน้า
Zatrzymaj czas. Wybierz rytuał.	Pause for a moment. Choose a spa ritual.	พักสักครู่ แล้วเลือกชุดบริการสปา
Zapach, ciepło i dotyk. Poznaj nasze ceremonie.	Scent, warmth and touch. Explore our spa rituals.	กลิ่นหอม ความอบอุ่น และสัมผัส ค้นพบชุดบริการสปาของเรา
THAI MALIWAN · CEREMONIE SPA	THAI MALIWAN · SPA RITUALS	THAI MALIWAN · ชุดบริการสปา
KRÓLEWSKA CHWILA ODPRĘŻENIA	A ROYAL MOMENT OF RELAXATION	ช่วงเวลาผ่อนคลายอย่างราชา
ODKRYJ POZOSTAŁE CEREMONIE	EXPLORE MORE SPA RITUALS	ดูชุดบริการสปาอื่น ๆ
Ceny z katalogu zapisanej makiety. Wybór czasu otwiera formularz z przykładowymi terminami.	Prices from the saved mockup catalogue. Choosing a duration opens a form with example appointments.	ราคาจากรายการในหน้าจำลอง เลือกระยะเวลาเพื่อเปิดแบบฟอร์มพร้อมวันและเวลาตัวอย่าง
TWOJA CHWILA RELAKSU	YOUR MOMENT OF RELAXATION	ช่วงเวลาผ่อนคลายของคุณ
Intensywna praca z mięśniami.	Focused, intensive muscle work.	นวดกล้ามเนื้ออย่างเข้มข้น
Spokojny masaż dopasowany do seniorów.	A gentle massage adapted for older guests.	นวดแบบอ่อนโยนที่ปรับให้เหมาะกับผู้สูงวัย
Delikatna chwila relaksu w ciąży.	A gentle moment of relaxation during pregnancy.	ช่วงเวลาผ่อนคลายอย่างอ่อนโยนสำหรับคุณแม่ตั้งครรภ์
Łagodny relaks dla młodszych gości.	Gentle relaxation for younger guests.	ผ่อนคลายอย่างอ่อนโยนสำหรับเด็กและเยาวชน
Dwie masażystki, jeden rytm.	Two therapists, one rhythm.	หมอนวดสองท่าน จังหวะเดียวกัน
Ciepło kamieni i spokojny relaks.	Warm stones and quiet relaxation.	หินอุ่นและการผ่อนคลายอย่างสงบ
Ciepły olejek i aromat świecy.	Warm oil and the scent of a massage candle.	น้ำมันอุ่นและกลิ่นหอมจากเทียนนวด
Ciepłe zioła i rytmiczne dociski.	Warm herbs and rhythmic pressure.	สมุนไพรอุ่นและแรงกดเป็นจังหวะ
Płynne ruchy w tajskiej wersji.	Flowing movements with a Thai touch.	การนวดที่ลื่นไหลในรูปแบบไทย
Aromatyczny olejek i odprężenie.	Aromatic oil and relaxation.	น้ำมันหอมและการผ่อนคลาย
Delikatna praca z twarzą i głową.	Gentle work on the face and head.	นวดใบหน้าและศีรษะอย่างอ่อนโยน
Precyzyjna praca z twarzą i głową.	Precise work on the face and head.	นวดใบหน้าและศีรษะอย่างละเอียด
Chwila pielęgnacji dla twarzy.	A moment of facial care.	ช่วงเวลาแห่งการดูแลใบหน้า
Uważna praca ze stopami.	Attentive work on the feet.	ดูแลและนวดเท้าอย่างใส่ใจ
Spokojna praca z głową.	Gentle, focused head massage.	นวดศีรษะอย่างนุ่มนวล
Ukierunkowana praca z ciałem.	Targeted body work.	นวดดูแลร่างกายเฉพาะส่วน
Relaks głowy, pleców i ramion.	Relaxation for the head, back and shoulders.	ผ่อนคลายศีรษะ หลัง และไหล่
Ucisk, rozciąganie i praca z ciałem.	Pressure, stretching and body work.	การกด การยืด และการนวดร่างกาย
Spokojna ceremonia pełna relaksu.	A peaceful ritual to unwind.	บริการสปาที่สงบและผ่อนคลาย
Podaj poprawny adres e-mail.	Enter a valid email address.	กรุณากรอกที่อยู่อีเมลที่ถูกต้อง
Uzupełnij wymagane pole.	Complete this required field.	กรุณากรอกช่องที่จำเป็นนี้
Poniedziałek–niedziela: 12:00–22:00	Monday–Sunday: 12:00–22:00	จันทร์–อาทิตย์: 12:00–22:00
Poniedziałek–niedziela: 12:00–20:00	Monday–Sunday: 12:00–20:00	จันทร์–อาทิตย์: 12:00–20:00
ul. Szewska 12, I piętro	12 Szewska Street, first floor	ถนน Szewska 12 ชั้น 1
ul. Szewska 12, I piętro, Kraków	12 Szewska Street, first floor, Kraków	ถนน Szewska 12 ชั้น 1 คราคูฟ
ul. Zwierzyniecka 14, lok. 7	14 Zwierzyniecka Street, unit 7	ถนน Zwierzyniecka 14 ห้อง 7
ul. Zwierzyniecka 14, lok. 7, Kraków	14 Zwierzyniecka Street, unit 7, Kraków	ถนน Zwierzyniecka 14 ห้อง 7 คราคูฟ
Kraków	Kraków	คราคูฟ
Dane dotychczasowej strony	Previous website details	ข้อมูลจากเว็บไซต์เดิม
Dane dotychczasowych stron kontaktowych	Previous contact page details	ข้อมูลจากหน้าติดต่อเดิม
Dotychczasowe strony O nas	Previous About us pages	หน้าเกี่ยวกับเราเดิม
Porównaj dane kontaktowe	Compare contact details	เปรียบเทียบข้อมูลติดต่อ
Oba salony	Both salons	ทั้งสองสาขา
Rezerwacja w tym salonie	Book at this salon	จองที่สาขานี้
Dla kogo?	Who is it for?	เหมาะสำหรับใคร?
Korzyści	Benefits	ประโยชน์
MASAŻ TAJSKI	THAI MASSAGE	นวดไทย
MASAŻ TAJSKI · KRAKÓW	THAI MASSAGE · KRAKÓW	นวดไทย · คราคูฟ
Wejdź w nasze światy	Explore our worlds	สำรวจโลกของเรา
WEJDŹ W NASZE ŚWIATY	EXPLORE OUR WORLDS	สำรวจโลกของเรา
Szkoła	School	โรงเรียน
Informacje prawne	Legal information	ข้อมูลทางกฎหมาย
Mali, wirtualna przewodniczka Thai Maliwan	Mali, your virtual Thai Maliwan guide	มะลิ ผู้ช่วยแนะนำบริการของ Thai Maliwan
Kąpiel stóp, masaż tajski, ciepłe zioła i refleksologia.	Foot bath, Thai massage, warm herbs and reflexology.	แช่เท้า นวดไทย สมุนไพรอุ่น และนวดกดจุดสะท้อน
Ciepło kamieni i aromat tajskich kompresów ziołowych.	Warm stones and fragrant Thai herbal compresses.	ความอุ่นของหินและกลิ่นหอมของลูกประคบสมุนไพรไทย
Peeling, drenaż i maska na ciało.	Body exfoliation, lymphatic drainage and a body mask.	สครับร่างกาย นวดระบายน้ำเหลือง และมาสก์ร่างกาย
Olejek różany i delikatny masaż twarzy oraz ciała.	Rose oil and a gentle face and body massage.	น้ำมันกุหลาบและนวดใบหน้ากับร่างกายอย่างอ่อนโยน
Rozciąganie, świadomy oddech i masaż energetyczny.	Stretching, mindful breathing and an energising massage.	ยืดเหยียด หายใจอย่างมีสติ และนวดเติมพลัง
Tradycyjny masaż tajski z refleksoterapią głowy lub stóp.	Traditional Thai massage with head or foot reflexology.	นวดไทยแบบดั้งเดิมพร้อมนวดกดจุดสะท้อนศีรษะหรือเท้า
Masaż olejkami z refleksoterapią głowy lub stóp.	Oil massage with head or foot reflexology.	นวดน้ำมันพร้อมนวดกดจุดสะท้อนศีรษะหรือเท้า
Kąpiel stóp, masaż olejkowy i wspólna chwila przy herbacie.	A foot bath, oil massage and time together over tea.	แช่เท้า นวดน้ำมัน และพักผ่อนร่วมกันพร้อมชา
Ceny z katalogu zapisanej makiety. Wybór czasu otwiera formularz z przykładowymi terminami.	Prices from the saved preview catalogue. Choosing a duration opens a form with example appointments.	ราคาจากรายการในหน้าตัวอย่าง เมื่อเลือกระยะเวลาจะเปิดแบบฟอร์มพร้อมวันและเวลาตัวอย่าง
Oferta tego salonu wymaga uzupełnienia.	This salon’s treatments have yet to be added.	ยังต้องเพิ่มรายการบริการของสาขานี้
Zdjęcie poglądowe rytuału	Illustrative spa ritual photo	ภาพประกอบชุดบริการสปา
Zdjęcie poglądowe zabiegu	Illustrative treatment photo	ภาพประกอบบริการ
Zdjęcie poglądowe masażu	Illustrative massage photo	ภาพประกอบการนวด
Podaruj chwilę relaksu.	Give a moment of relaxation.	มอบช่วงเวลาแห่งการผ่อนคลาย
Sprawdź numer telefonu lub pozostaw to pole puste.	Check your phone number or leave this field empty.	ตรวจสอบหมายเลขโทรศัพท์ หรือเว้นช่องนี้ว่าง
TWOJA CHWILA RELAKSU	YOUR MOMENT TO UNWIND	ช่วงเวลาผ่อนคลายของคุณ
Masażystka:	Therapist:	หมอนวด:
Pozwól sobie zanurzyć się w świecie harmonii i błogości, zaznaj uczucia głębokiego relaksu w umiejętnych rękach naszych specjalistów.	Immerse yourself in a world of harmony and bliss, and experience deep relaxation in the skilled hands of our specialists.	ให้ตัวเองอยู่ในโลกแห่งสมดุลและความสุข สัมผัสการผ่อนคลายลึกด้วยมือที่ชำนาญของผู้เชี่ยวชาญของเรา
Thai Maliwan to klimatyczny salon masażu, specjalizujący się w tradycyjnym masażu tajskim. Naszą codzienną działalność opieramy na wierze w to, że masaż, jako jeden z elementów tradycyjnej, tajskiej medycyny, stanowi doskonałą odpowiedź na liczne problemy zdrowotne i napięcia, wynikające z przepracowania, stresu, nadmiaru obowiązków i różnego rodzaju napięć.	Thai Maliwan is an atmospheric salon specialising in traditional Thai massage. Our daily work is grounded in the belief that massage, as an element of traditional Thai medicine, offers an excellent response to many health concerns and tensions arising from overwork, stress and excessive responsibilities.	Thai Maliwan เป็นร้านบรรยากาศอบอุ่นที่เชี่ยวชาญนวดไทยแบบดั้งเดิม เราทำงานด้วยความเชื่อว่าการนวด ซึ่งเป็นส่วนหนึ่งของการแพทย์แผนไทย เป็นวิธีที่ดีในการตอบโจทย์ปัญหาสุขภาพและความตึงจากการทำงานหนัก ความเครียด และภาระหน้าที่มากเกินไป
Maliwan to miejsce gdzie oddasz się pod opiekę wykwalifikowanych, oraz doświadczonych masażystek, które pochodzą wyłącznie z Tajlandii. Posiadają one certyfikaty poświadczające ukończenie prestiżowych szkół masażu tajskiego. Mogą się one pochwalić wieloletnią praktyką zawodową zdobytą podczas pracy w najlepszych studiach masażu w Azji, czy w Europie. W atmosferze spokoju oraz prywatności przywrócą równowagę między Twoją duszą a ciałem.	At Maliwan, you are cared for by qualified, experienced therapists, all from Thailand. They hold certificates from prestigious Thai massage schools and have many years of professional experience gained in leading massage studios in Asia and Europe. In a peaceful, private atmosphere, they restore balance between body and mind.	ที่ Maliwan คุณจะได้รับการดูแลจากหมอนวดที่มีคุณวุฒิและประสบการณ์ ทุกท่านมาจากประเทศไทย มีใบรับรองจากโรงเรียนนวดไทยที่มีชื่อเสียงและประสบการณ์หลายปีในร้านชั้นนำของเอเชียและยุโรป ในบรรยากาศสงบและเป็นส่วนตัว พวกเขาช่วยคืนสมดุลให้ร่างกายและจิตใจ
W Maliwan wierzymy, że balans między sferą duchową a cielesną to przepis na życie w harmonii i spokoju ducha.	At Maliwan, we believe that balance between body and spirit is the key to a harmonious life and peace of mind.	ที่ Maliwan เราเชื่อว่าสมดุลระหว่างร่างกายและจิตใจเป็นกุญแจสู่ชีวิตที่กลมกลืนและสงบ
Oferowane przez nas zabiegi to dotyk południowo-wschodniej Azji w pigułce. Zaznasz tutaj technik ajurvedy oraz pasywnej yogi wywodzących się z Indii, czy masażu tajskiego, który swoją historią pamięta samego Buddhę.	Our treatments offer a taste of Southeast Asian bodywork. Experience Ayurveda and passive yoga techniques originating in India, alongside Thai massage with a history reaching back to the Buddha.	บริการของเรารวมสัมผัสแห่งเอเชียตะวันออกเฉียงใต้ คุณจะได้สัมผัสเทคนิคอายุรเวทและโยคะแบบมีผู้ช่วยจากอินเดีย รวมถึงนวดไทยที่มีประวัติย้อนไปถึงสมัยพระพุทธเจ้า
Prócz bogatej oferty zabiegów, oferujemy również masaż dla par – doskonały, aby świętować wybrane, ważne okazje tylko we dwoje. Polecamy również nasze vouchery podarunkowe, którymi możesz obdarować wybraną osobę i sprezentować jej niepowtarzalny prezent.	Alongside our wide range of treatments, we offer couples massage, ideal for celebrating special occasions together. Our gift vouchers also make a distinctive present for someone you choose.	นอกจากบริการหลากหลายแล้ว เรายังมีนวดสำหรับสองท่าน เหมาะกับการฉลองโอกาสพิเศษร่วมกัน และแนะนำบัตรกำนัลของเราเพื่อมอบของขวัญพิเศษให้คนที่คุณเลือก
THAI MALIWAN · MASAŻ TAJSKI	THAI MALIWAN · THAI MASSAGE	THAI MALIWAN · นวดไทย
THAI MALIWAN · KRAKÓW	THAI MALIWAN · KRAKÓW	THAI MALIWAN · คราคูฟ
Wybierz czas masażu, a następnie dogodny termin.	Choose a massage duration, then a convenient appointment.	เลือกระยะเวลานวด แล้วเลือกวันและเวลาที่สะดวก
Wróć do wyboru	Back to selection	กลับไปเลือกบริการ
Ceny z katalogu zapisanej makiety. Terminy w formularzu są przykładowe.	Prices from the saved preview catalogue. Appointment times in the form are examples.	ราคาจากรายการในหน้าตัวอย่าง วันและเวลาในแบบฟอร์มเป็นตัวอย่าง
Światy Maliwan	Maliwan worlds	โลกของ Maliwan
Poznaj szkołę masażu	Discover our massage school	รู้จักโรงเรียนนวดของเรา
Odkryj nasze rytuały	Discover our spa rituals	รู้จักชุดบริการสปาของเรา
Menu masaży	Massage menu	เมนูบริการนวด
Wybierz swoją chwilę relaksu	Choose your moment to unwind	เลือกช่วงเวลาผ่อนคลายของคุณ
Poznaj nasz zespół w obu salonach	Meet our team at both salons	รู้จักทีมของเราทั้งสองสาขา
TWÓJ CZAS W MALIWAN	YOUR TIME AT MALIWAN	ช่วงเวลาของคุณที่ Maliwan
Wolisz napisać? Otwórz formularz	Prefer to write? Open the form	ต้องการส่งข้อความ? เปิดแบบฟอร์ม
Rozwiń formularz wiadomości	Open the message form	เปิดแบบฟอร์มข้อความ
Zwierzyniecka — tekst i profile zespołu	Zwierzyniecka — text and team profiles	Zwierzyniecka — ข้อความและประวัติทีม
Szewska — tekst i profile zespołu	Szewska — text and team profiles	Szewska — ข้อความและประวัติทีม
Zwierzyniecka — dane salonu	Zwierzyniecka — salon details	Zwierzyniecka — ข้อมูลสาขา
Szewska — dane salonu	Szewska — salon details	Szewska — ข้อมูลสาขา
Twój czas	Your time	ช่วงเวลาของคุณ
w Thai Maliwan	at Thai Maliwan	ที่ Thai Maliwan
Zamknij	Close	ปิด
Czas i cena	Duration and price	ระยะเวลาและราคา
czas i cena	duration and price	ระยะเวลาและราคา
Kraków, ul. Zwierzyniecka 14 lok. 7	Kraków, 14 Zwierzyniecka Street, unit 7	คราคูฟ ถนน Zwierzyniecka 14 ห้อง 7
Przeciągnij pas · sceny wyginają się na walcu · lotos stoi w środku	Drag the reel · scenes curve around the cylinder · the lotus stays in the centre	ลากแถบภาพ · ภาพโค้งรอบทรงกระบอก · ดอกบัวอยู่ตรงกลาง
Thai Maliwan · rezerwacja · odsłonięcie v3 · luxury + głębia (Etap 1)	Thai Maliwan · booking · reveal v3 · luxury + depth (Stage 1)	Thai Maliwan · การจอง · เปิดฉาก v3 · หรูหราและมีมิติ (ขั้นที่ 1)
Masaż olejowy	Oil massage	นวดน้ำมัน
Zarezerwuj wizytę	Book an appointment	จองนัดหมาย
Poznaj masaże	Explore massages	ดูบริการนวด
Sprawdź ceny	See prices	ดูราคา
Poznaj nas bliżej	Get to know us	รู้จักเรามากขึ้น
Dojedź do nas	Find your way here	ดูเส้นทางมาหาเรา
Nasze masażystki	Our therapists	ทีมหมอนวดของเรา
Poznaj zespół	Meet the team	รู้จักทีมของเรา
W czym mogę	How can I	ให้มะลิช่วย
Ci pomóc?	help you?	อะไรดีคะ?
Wybierz rytuał	Choose a spa ritual	เลือกชุดบริการสปา
Wizyty dziś	Appointments today	นัดหมายวันนี้
Obrót dziś	Revenue today	ยอดรายรับวันนี้
Wyślij	Send	ส่ง
Bądźmy w kontakcie	Keep in touch	ติดต่อเรา
Regulaminy i prywatność	Terms and privacy	ข้อกำหนดและความเป็นส่วนตัว
Strona główna i światy Maliwan	Home and Maliwan worlds	หน้าแรกและโลกของ Maliwan
Makieta: plan i zakres testów	Preview: plan and test scope	หน้าตัวอย่าง: แผนและขอบเขตการทดสอบ
Mali pozostaje na stronie głównej	Mali is available on the homepage	มะลิอยู่ที่หน้าแรก
Rodzaj masażu	Massage category	ประเภทการนวด
Termin wizyty	Appointment date and time	วันและเวลานัดหมาย
Język	Language	ภาษา
Precyzyjna praca z twarzą i głową.	Precise work on the face and head.	นวดใบหน้าและศีรษะอย่างแม่นยำ
Powitanie klientki przez masażystkę w salonie Thai Maliwan	A therapist welcomes a guest at Thai Maliwan	หมอนวดต้อนรับลูกค้าที่ Thai Maliwan
Stemple ziołowe na ozdobnej tacy w Thai Maliwan	Herbal compresses on an ornamental tray at Thai Maliwan	ลูกประคบสมุนไพรบนถาดประดับที่ Thai Maliwan
Masaż tajski w Thai Maliwan — praca masażystki z klientką	Thai massage at Thai Maliwan — a therapist working with a guest	นวดไทยที่ Thai Maliwan — หมอนวดให้บริการลูกค้า
Ilustracja spokojnego masażu twarzy i głowy w stylu Thai Maliwan	Illustration of a gentle Thai Maliwan face and head massage	ภาพประกอบนวดใบหน้าและศีรษะอย่างอ่อนโยนในแบบ Thai Maliwan
Przejdź do salonu	Go to salon	ไปที่สาขา
Makieta — rezerwacje i formularz kontaktowy są testowe. Możesz zadzwonić, napisać e-mail lub otworzyć dojazd do salonu.	Preview — bookings and the contact form are for testing. You can call, email or open directions to the salon.	หน้าจำลอง — การจองและแบบฟอร์มติดต่อเป็นการทดสอบ คุณสามารถโทร ส่งอีเมล หรือเปิดเส้นทางไปสาขาได้
Podgląd testowy — nie tworzy wizyt, zamówień ani płatności. Ceny są kopią tabel dotychczasowych stron, nie potwierdzeniem dostępności. Przed wdrożeniem sprawdzimy je z systemem.	Test preview — no appointments, orders or payments are created. Prices are copied from the previous websites and do not confirm availability. We will check them against the system before launch.	หน้าตัวอย่างสำหรับทดสอบ — ไม่สร้างนัดหมาย คำสั่งซื้อ หรือการชำระเงิน ราคาคัดลอกจากเว็บไซต์เดิมและไม่ได้ยืนยันคิวว่าง จะตรวจสอบกับระบบก่อนเปิดใช้งาน
Plan połączenia stron	Website connection plan	แผนเชื่อมโยงเว็บไซต์
Małe, odwracalne etapy	Small, reversible steps	ขั้นตอนย่อยที่ย้อนกลับได้
Menu, cztery przyciski i społeczności — działający podgląd.	Menu, four buttons and social links — a working preview.	เมนู ปุ่มสี่ปุ่ม และลิงก์โซเชียล — หน้าตัวอย่างที่ใช้งานได้
Rezerwacja i voucher — testowe przejścia, bez zapisu.	Booking and voucher — test flows with no saved data.	การจองและบัตรกำนัล — ขั้นตอนทดสอบที่ไม่บันทึกข้อมูล
Pełne treści i zdjęcia podstron O nas i Kontakt — do dopasowania; istniejące adresy pozostają.	Full content and photos for About us and Contact — to be adapted; existing URLs remain.	เนื้อหาและภาพของหน้าเกี่ยวกับเราและติดต่อ — รอปรับให้เหมาะสม ที่อยู่เว็บเดิมยังคงไว้
Warianty cenowe ze starych stron — w podglądzie; produkty i dostępność systemu — jeszcze niepodłączone.	Price options from previous websites — included in the preview; products and live availability are not connected yet.	ตัวเลือกราคาจากเว็บไซต์เดิมอยู่ในหน้าตัวอย่าง ยังไม่เชื่อมต่อผลิตภัณฑ์และคิวว่างจริง
Desktop, iPad, telefon, linki i błędy.	Desktop, iPad, phone, links and errors.	เดสก์ท็อป iPad โทรศัพท์ ลิงก์ และข้อผิดพลาด
Wdrożenie produkcyjne osobnymi małymi partiami z kopią i kontrolą SEO.	Launch in separate small batches with backups and SEO checks.	เปิดใช้งานจริงเป็นชุดย่อย พร้อมสำรองข้อมูลและตรวจสอบ SEO
Makiety GitHub mają noindex,nofollow. Nie zmieniono domen, produkcyjnych URL, title, canonical, treści ani płatności.	GitHub previews use noindex,nofollow. Domains, production URLs, titles, canonical tags, content and payments have not been changed.	หน้าตัวอย่าง GitHub ใช้ noindex,nofollow ไม่ได้เปลี่ยนโดเมน URL จริง ชื่อหน้า canonical เนื้อหา หรือการชำระเงิน
Przegląd wszystkich dotychczasowych wizualizacji:	All previous visual previews:	หน้าตัวอย่างภาพทั้งหมดที่ผ่านมา:
Otwórz galerię makiet	Open the preview gallery	เปิดแกลเลอรีหน้าตัวอย่าง
Oferta tej kategorii wymaga uzupełnienia.	Treatments in this category have yet to be added.	ยังต้องเพิ่มบริการในหมวดหมู่นี้
Czas i cena do pobrania z aktualnej oferty. Nie są jeszcze podłączone.	Duration and price have yet to be connected to the current treatments.	ยังไม่ได้เชื่อมต่อระยะเวลาและราคาจากบริการปัจจุบัน
Pełny opis i wybór czasu	Full description and duration options	รายละเอียดทั้งหมดและตัวเลือกระยะเวลา
Twój wybór	Your selection	รายการที่คุณเลือก
Twój voucher	Your voucher	บัตรกำนัลของคุณ
Wybierz dostępny wariant.	Choose an available option.	เลือกตัวเลือกที่มี
Podgląd nie uruchamia płatności.	This preview does not start a payment.	หน้าตัวอย่างนี้ไม่เริ่มการชำระเงิน
Dalej — Twoje dane	Continue — your details	ต่อไป — ข้อมูลของคุณ
Rezerwacja w salonie Zwierzyniecka	Book at Zwierzyniecka	จองที่สาขา Zwierzyniecka
Rezerwacja w salonie Szewska	Book at Szewska	จองที่สาขา Szewska
Napisz do wybranego salonu	Write to your chosen salon	ส่งข้อความถึงสาขาที่เลือก
Podaruj bon do tego salonu	Give a voucher for this salon	มอบบัตรกำนัลสำหรับสาขานี้
Wnętrze salonu przy Szewskiej	Interior of our Szewska salon	ภายในสาขา Szewska

Detal salonu Thai Maliwan	Thai Maliwan salon detail	รายละเอียดภายในร้าน Thai Maliwan
Salon Szewska	Szewska salon	สาขา Szewska
Salon Zwierzyniecka	Zwierzyniecka salon	สาขา Zwierzyniecka
Asystent salonu	Salon assistant	ผู้ช่วยประจำร้าน
